-- phpMyAdmin SQL Dump
-- version 4.0.4.1
-- http://www.phpmyadmin.net
--
-- Host: 127.0.0.1
-- Generation Time: Jan 18, 2017 at 11:31 PM
-- Server version: 5.5.32-log
-- PHP Version: 5.4.19

SET SQL_MODE = "NO_AUTO_VALUE_ON_ZERO";
SET time_zone = "+00:00";


/*!40101 SET @OLD_CHARACTER_SET_CLIENT=@@CHARACTER_SET_CLIENT */;
/*!40101 SET @OLD_CHARACTER_SET_RESULTS=@@CHARACTER_SET_RESULTS */;
/*!40101 SET @OLD_COLLATION_CONNECTION=@@COLLATION_CONNECTION */;
/*!40101 SET NAMES utf8 */;

--
-- Database: `sp_gigi`
--
CREATE DATABASE IF NOT EXISTS `sp_gigi` DEFAULT CHARACTER SET latin1 COLLATE latin1_swedish_ci;
USE `sp_gigi`;

-- --------------------------------------------------------

--
-- Table structure for table `basis_pengetahuan`
--

CREATE TABLE IF NOT EXISTS `basis_pengetahuan` (
  `id_bp` int(5) NOT NULL AUTO_INCREMENT,
  `id_grup_gejala` int(5) NOT NULL,
  `id_penyakit` int(5) NOT NULL,
  PRIMARY KEY (`id_bp`)
) ENGINE=InnoDB  DEFAULT CHARSET=latin1 AUTO_INCREMENT=108 ;

--
-- Dumping data for table `basis_pengetahuan`
--

INSERT INTO `basis_pengetahuan` (`id_bp`, `id_grup_gejala`, `id_penyakit`) VALUES
(1, 1, 4),
(2, 2, 4),
(3, 3, 1),
(4, 4, 4),
(5, 5, 1),
(6, 6, 3),
(7, 7, 4),
(8, 8, 1),
(9, 9, 1),
(10, 10, 5),
(11, 11, 4),
(12, 12, 2),
(13, 13, 4),
(14, 14, 4),
(15, 15, 4),
(16, 16, 1),
(17, 17, 1),
(18, 18, 4),
(19, 19, 2),
(20, 20, 5),
(21, 21, 4),
(22, 22, 1),
(23, 23, 1),
(24, 24, 1),
(25, 25, 4),
(26, 26, 4),
(27, 27, 2),
(28, 28, 4),
(29, 29, 4),
(30, 30, 5),
(31, 31, 4),
(32, 32, 2),
(33, 33, 1),
(34, 34, 4),
(35, 35, 3),
(36, 36, 3),
(37, 37, 1),
(38, 38, 5),
(39, 39, 4),
(40, 40, 2),
(41, 41, 1),
(42, 42, 1),
(43, 43, 1),
(44, 44, 1),
(45, 45, 3),
(46, 46, 2),
(47, 47, 3),
(48, 48, 4),
(49, 49, 4),
(50, 50, 1),
(51, 51, 1),
(52, 52, 3),
(53, 53, 5),
(54, 54, 4),
(55, 55, 4),
(56, 56, 1),
(57, 57, 4),
(58, 58, 4),
(59, 59, 1),
(60, 60, 3),
(61, 61, 1),
(62, 62, 1),
(63, 63, 1),
(64, 64, 1),
(65, 65, 3),
(66, 66, 4),
(67, 67, 4),
(68, 68, 5),
(69, 69, 3),
(70, 70, 2),
(71, 71, 1),
(72, 72, 1),
(73, 73, 5),
(74, 74, 4),
(75, 75, 4),
(76, 76, 5),
(77, 77, 1),
(78, 78, 2),
(79, 79, 1),
(80, 80, 3),
(81, 81, 2),
(82, 82, 5),
(83, 83, 1),
(84, 84, 1),
(85, 85, 5),
(86, 86, 5),
(87, 87, 6),
(88, 88, 1),
(89, 89, 1),
(90, 90, 7),
(91, 91, 4),
(92, 92, 3),
(93, 93, 1),
(94, 94, 1),
(95, 95, 5),
(96, 96, 3),
(97, 97, 1),
(98, 98, 1),
(99, 99, 6),
(100, 100, 1),
(101, 101, 1),
(102, 102, 5),
(103, 103, 4),
(104, 104, 1),
(105, 105, 1),
(106, 106, 5),
(107, 107, 5);

-- --------------------------------------------------------

--
-- Table structure for table `gejala`
--

CREATE TABLE IF NOT EXISTS `gejala` (
  `id_gejala` int(5) NOT NULL AUTO_INCREMENT,
  `nama` varchar(255) NOT NULL,
  `keterangan` longtext NOT NULL,
  PRIMARY KEY (`id_gejala`)
) ENGINE=InnoDB  DEFAULT CHARSET=latin1 AUTO_INCREMENT=20 ;

--
-- Dumping data for table `gejala`
--

INSERT INTO `gejala` (`id_gejala`, `nama`, `keterangan`) VALUES
(1, 'Terdapat bercak coklat atau hitam pada gigi', 'Bercak coklat kehitaman pada gigi dapat dilihat dengan langsung. Bercak biasanya berada pada sekitaran gigi yang berlubang.'),
(2, 'Terdapat lubang kecil pada gigi', 'Lubang kecil memang agak sulit untuk dilihat sekilas, tetapi jika diamati dengan seksama maka lubang dapat terlihat dan membuat gigi terlihat seperti tercuil. Rasa nyilu pada gigi juga dapat menandakan posisi lubang pada gigi'),
(3, 'Gigi sensitif terhadap panas dan dingin', 'Jika anda makan atau minum yang dingin, gigi anda mungkin dapat merasakan nyilu atau yang disebut dengan sensitif. Untuk makanan atau minuman panas mungkin agak sulit terasa karena rasa dan sensasi dari panas itu sendiri.'),
(4, 'Gigi terasa sakit saat ada rangsangan', 'Rangsangan dapat berupa sentuhan atau gesekan yang dirasakan oleh gigi. Ketika disentuh atau tergesek akan menimbulkan rasa sakit pada gigi.'),
(5, 'Gigi terasa sakit ada maupun tidak ada rangsangan', 'Gigi dengan lubang yang cukup besar biasanya mengalami rasa sakit pada gigi meskipun tidak terkena atau menerima rangsangan apapun'),
(6, 'Terdapat lubang besar dan dalam pada gigi', 'Lubang yang besar pada gigi dapat ditemukan meskipun dilihat sekilas. Biasanya disertai bercak coklat kehitaman di sekitarannya'),
(7, 'Gigi terasa sakit dan berdenyut', 'Gigi anda dapat mengalami rasa sakit sampai terasa seperti berdenyut. Rasa sakit ini bisa disebabkan oleh penyakit pada gigi ataupun pada gusi'),
(8, 'Gusi berwarna merah dan bengkak', 'Gusi yang normal berwarna merah pink, namun ketika gusi terkena penyakit tertentu warna dapat berubah menjadi kemerahan dan membengkak'),
(9, 'Gusi terasa sakit dan nyeri', 'Rasa sakit pada gusi bisa langsung dirasakan dan dibedakan dari rasa sakit pada gigi. Rasa sakit pada gusi menyerupai seperti rasa sakit bengkak pada umumnya'),
(10, 'Gusi mudah berdarah', 'Gusi yang mudah berdarah ditandai dengan keluarnya darah ketika menggosok gigi dan juga ketika terkena suatu gesekan pada gusi.'),
(11, 'Bau mulut', 'Meskipun bau mulut bisa disebabkan oleh makanan yang dimakan, bau mulut juga dapat menandakan atau mengindikasikan penyakit gigi dan mulut yang diderita'),
(12, 'Terdapat nanah pada gusi', 'Nanah yang terletak pada gusi berupa benjolan kecil bewarna merah keputihan seperti nanah pada sariawan pada umumnya'),
(13, 'Gigi terasa sakit saat mengunyah makanan', 'Selain gigi dapat sensitif terhadap makanan dan minuman, gigi juga dapat mengalami rasa sakit ketika mengunyah makanan'),
(14, 'Terdapat bercak putih pada bibir atau dinding mulut', 'Bercak putih pada bibir membuat munculnya rasa sakit pada bibir ketika bercak putih tersebut menerima sentuhan atau gesekan dan rasa sakit ini sering muncul saat mulut sedang digunakan untuk makan'),
(15, 'Gigi terasa nyeri sampai daerah telinga', 'Rasa sakit gigi akibat penyakit yang dibiarkan dapat membuat rasa sakit menjalar sampai ke daerah telinga belakang.'),
(16, 'Rasa sakit atau perih pada bibir mulut', 'Rasa sakit atau perih pada bibir mulut dapat disebabkan oleh bercak keputihan yang terdapat pada bibir'),
(17, 'Lidah bewarna merah gelap', 'Lidah yang bewarnan merah gelap dapat dengan jelas dibedakan dengan lidah yang normal. Selain lidah terlihat lebih merah kegelapan, sering didampingi dengan pembengkakan pada lidah'),
(18, 'Lidah bengkak', 'Lidah bengkak membuat lidah terlihat lebih besar dari biasanya dan membuat penderita kesusahan untuk mengunyah makanan'),
(19, 'Lidah terasa sakit dan nyeri', 'Lidah dapat terasa sakit dan nyeri ketika mengunyah makanan, adapun kasus dimana lidah sudah dapat merasakan sakit dan nyeri meskipun tidak dalam situasi mengunyah makanan');

-- --------------------------------------------------------

--
-- Table structure for table `grup_gejala`
--

CREATE TABLE IF NOT EXISTS `grup_gejala` (
  `id_grup_gejala` int(5) NOT NULL,
  `id_gejala` int(5) NOT NULL,
  PRIMARY KEY (`id_grup_gejala`,`id_gejala`)
) ENGINE=InnoDB DEFAULT CHARSET=latin1;

--
-- Dumping data for table `grup_gejala`
--

INSERT INTO `grup_gejala` (`id_grup_gejala`, `id_gejala`) VALUES
(1, 1),
(1, 2),
(1, 3),
(1, 4),
(2, 1),
(2, 2),
(2, 3),
(2, 4),
(2, 11),
(3, 1),
(3, 2),
(3, 3),
(3, 7),
(4, 2),
(4, 3),
(4, 4),
(5, 1),
(5, 2),
(5, 3),
(5, 13),
(6, 8),
(6, 9),
(6, 10),
(6, 11),
(6, 13),
(7, 1),
(7, 2),
(7, 4),
(7, 11),
(8, 1),
(8, 2),
(8, 3),
(8, 4),
(8, 7),
(9, 1),
(9, 2),
(9, 3),
(9, 7),
(10, 5),
(10, 6),
(10, 7),
(10, 11),
(10, 13),
(11, 2),
(11, 3),
(11, 4),
(11, 7),
(11, 13),
(12, 7),
(12, 8),
(12, 11),
(12, 12),
(12, 13),
(13, 2),
(13, 3),
(13, 4),
(13, 11),
(13, 13),
(14, 2),
(14, 3),
(14, 4),
(14, 11),
(14, 13),
(15, 2),
(15, 3),
(15, 5),
(15, 7),
(15, 13),
(16, 1),
(16, 2),
(16, 3),
(16, 7),
(16, 13),
(17, 1),
(17, 2),
(17, 3),
(17, 7),
(17, 13),
(18, 2),
(18, 3),
(18, 4),
(18, 11),
(19, 7),
(19, 8),
(19, 9),
(19, 11),
(19, 12),
(20, 1),
(20, 5),
(20, 6),
(20, 7),
(20, 13),
(21, 2),
(21, 3),
(21, 4),
(21, 13),
(22, 1),
(22, 2),
(22, 3),
(22, 7),
(23, 1),
(23, 2),
(23, 3),
(24, 1),
(24, 2),
(24, 3),
(24, 7),
(24, 13),
(25, 2),
(25, 3),
(25, 4),
(25, 11),
(25, 13),
(26, 2),
(26, 3),
(26, 4),
(26, 11),
(27, 8),
(27, 9),
(27, 11),
(27, 12),
(28, 2),
(28, 3),
(28, 4),
(28, 11),
(28, 13),
(29, 1),
(29, 2),
(29, 3),
(29, 4),
(30, 3),
(30, 5),
(30, 6),
(30, 7),
(30, 13),
(31, 2),
(31, 3),
(31, 4),
(31, 13),
(32, 7),
(32, 8),
(32, 11),
(32, 12),
(32, 13),
(33, 1),
(33, 2),
(33, 5),
(33, 7),
(33, 13),
(34, 2),
(34, 3),
(34, 4),
(35, 8),
(35, 9),
(35, 10),
(35, 11),
(36, 4),
(36, 8),
(36, 9),
(36, 10),
(37, 1),
(37, 2),
(37, 3),
(37, 13),
(38, 3),
(38, 5),
(38, 6),
(38, 11),
(38, 13),
(39, 2),
(39, 3),
(39, 7),
(39, 13),
(40, 4),
(40, 8),
(40, 9),
(40, 11),
(40, 12),
(41, 1),
(41, 2),
(41, 3),
(41, 13),
(42, 1),
(42, 2),
(42, 3),
(42, 13),
(43, 1),
(43, 2),
(43, 3),
(43, 13),
(44, 1),
(44, 2),
(44, 3),
(44, 5),
(44, 7),
(45, 8),
(45, 9),
(45, 10),
(45, 12),
(45, 13),
(46, 8),
(46, 9),
(46, 12),
(46, 13),
(47, 8),
(47, 9),
(47, 10),
(48, 1),
(48, 2),
(48, 3),
(48, 4),
(49, 2),
(49, 3),
(49, 4),
(49, 13),
(50, 1),
(50, 2),
(50, 3),
(50, 4),
(50, 13),
(51, 1),
(51, 2),
(51, 3),
(51, 4),
(52, 7),
(52, 8),
(52, 9),
(52, 10),
(52, 11),
(53, 2),
(53, 3),
(53, 5),
(53, 7),
(54, 2),
(54, 3),
(54, 5),
(54, 6),
(54, 13),
(55, 2),
(55, 3),
(55, 5),
(55, 6),
(55, 13),
(56, 1),
(56, 2),
(56, 3),
(56, 7),
(56, 13),
(57, 2),
(57, 4),
(57, 13),
(58, 2),
(58, 3),
(58, 4),
(58, 11),
(59, 2),
(59, 3),
(59, 4),
(59, 11),
(59, 13),
(60, 7),
(60, 8),
(60, 9),
(60, 10),
(60, 11),
(61, 1),
(61, 2),
(61, 3),
(61, 13),
(62, 1),
(62, 2),
(62, 3),
(62, 7),
(63, 1),
(63, 2),
(63, 3),
(63, 13),
(64, 2),
(64, 3),
(64, 7),
(64, 13),
(65, 8),
(65, 9),
(65, 11),
(65, 13),
(66, 2),
(66, 4),
(66, 13),
(67, 2),
(67, 3),
(67, 5),
(67, 7),
(68, 4),
(68, 6),
(68, 7),
(68, 13),
(69, 8),
(69, 9),
(69, 10),
(69, 11),
(70, 8),
(70, 9),
(70, 11),
(70, 12),
(71, 2),
(71, 3),
(71, 7),
(71, 13),
(72, 1),
(72, 2),
(72, 3),
(72, 4),
(73, 5),
(73, 6),
(73, 7),
(73, 13),
(74, 2),
(74, 3),
(74, 4),
(74, 13),
(75, 5),
(75, 6),
(75, 7),
(75, 15),
(76, 5),
(76, 6),
(76, 7),
(76, 15),
(77, 1),
(77, 2),
(77, 3),
(77, 13),
(78, 8),
(78, 9),
(78, 11),
(78, 12),
(79, 2),
(79, 3),
(79, 13),
(80, 8),
(80, 9),
(80, 10),
(80, 13),
(81, 8),
(81, 9),
(81, 11),
(81, 13),
(82, 6),
(82, 7),
(82, 13),
(82, 15),
(83, 2),
(83, 3),
(83, 13),
(84, 2),
(84, 3),
(84, 4),
(85, 6),
(85, 7),
(85, 13),
(85, 15),
(86, 6),
(86, 7),
(86, 13),
(86, 15),
(87, 11),
(87, 13),
(87, 14),
(87, 16),
(88, 1),
(88, 2),
(88, 3),
(88, 13),
(89, 2),
(89, 3),
(89, 4),
(89, 13),
(90, 13),
(90, 17),
(90, 18),
(90, 19),
(91, 2),
(91, 4),
(91, 13),
(92, 8),
(92, 9),
(92, 11),
(92, 13),
(93, 1),
(93, 2),
(93, 3),
(93, 13),
(94, 1),
(94, 2),
(94, 13),
(95, 5),
(95, 6),
(95, 7),
(95, 15),
(96, 8),
(96, 9),
(96, 10),
(97, 1),
(97, 2),
(97, 3),
(97, 11),
(97, 13),
(98, 1),
(98, 2),
(98, 13),
(99, 2),
(99, 3),
(99, 13),
(99, 14),
(99, 16),
(100, 2),
(100, 3),
(100, 13),
(100, 14),
(100, 16),
(101, 2),
(101, 3),
(101, 13),
(101, 14),
(101, 16),
(102, 5),
(102, 6),
(102, 15),
(103, 2),
(103, 4),
(103, 13),
(104, 1),
(104, 2),
(104, 3),
(104, 13),
(105, 1),
(105, 2),
(105, 3),
(105, 15),
(106, 5),
(106, 6),
(106, 7),
(106, 15),
(107, 5),
(107, 6),
(107, 13),
(107, 15),
(108, 1),
(108, 2),
(108, 4),
(108, 13),
(109, 2),
(109, 3),
(109, 4),
(109, 13),
(110, 2),
(110, 3),
(110, 4),
(110, 13),
(111, 2),
(111, 3),
(111, 4),
(111, 13),
(112, 1),
(112, 2),
(112, 3),
(112, 7),
(112, 13);

-- --------------------------------------------------------

--
-- Table structure for table `history`
--

CREATE TABLE IF NOT EXISTS `history` (
  `id_history` int(5) NOT NULL AUTO_INCREMENT,
  `tanggal` date NOT NULL,
  `id_gejala` varchar(20) NOT NULL,
  `id_penyakit` int(5) NOT NULL,
  `id_user` int(5) NOT NULL,
  `status_pilih` int(5) NOT NULL,
  PRIMARY KEY (`id_history`)
) ENGINE=InnoDB  DEFAULT CHARSET=latin1 AUTO_INCREMENT=14 ;

--
-- Dumping data for table `history`
--

INSERT INTO `history` (`id_history`, `tanggal`, `id_gejala`, `id_penyakit`, `id_user`, `status_pilih`) VALUES
(1, '2016-11-07', '2,3,4,13', 4, 2, 1),
(2, '2016-11-10', '1,2,3,7,13', 1, 2, 1),
(3, '2016-11-21', '1,2,3,13', 1, 2, 0),
(4, '2016-11-29', '1,2,3,13', 1, 2, 1),
(5, '2016-12-18', '5,6,7,13,15', 5, 2, 0),
(6, '2016-12-20', '3,4,7,13', 4, 4, 0),
(7, '2016-12-21', '1,2,3,13', 1, 20, 0),
(8, '2016-12-21', '1,2,3,13', 1, 21, 0),
(9, '2016-12-21', '1,2,3,13', 1, 2, 0),
(10, '2016-12-21', '4,6,7', 5, 2, 0),
(11, '2016-12-21', '9,10,13', 3, 2, 0),
(12, '2016-12-21', '2,4,13', 4, 2, 0),
(13, '2017-01-12', '1,2,13', 1, 2, 0);

-- --------------------------------------------------------

--
-- Table structure for table `penyakit`
--

CREATE TABLE IF NOT EXISTS `penyakit` (
  `id_penyakit` int(11) NOT NULL AUTO_INCREMENT,
  `nama` varchar(50) NOT NULL,
  `keterangan` longtext NOT NULL,
  `gambar` text NOT NULL,
  PRIMARY KEY (`id_penyakit`)
) ENGINE=InnoDB  DEFAULT CHARSET=latin1 AUTO_INCREMENT=9 ;

--
-- Dumping data for table `penyakit`
--

INSERT INTO `penyakit` (`id_penyakit`, `nama`, `keterangan`, `gambar`) VALUES
(1, 'Karies Gigi', '<p><b>Penjelasan</b>:</p><p>Karies gigi adalah sebuah penyakit infeksi yang merusak struktur gigi. Penyakit ini menyebabkan gigi berlubang dan mampu membuat penderita merasakan nyeri, penanggalan gigi, infeksi dan bahkan kematian. Karies ditandai dengan adanya lubang pada jaringan keras gigi, dapat berwarna coklat atau hitam. Bila dibiarkan karies akan bertambah besar dan dapat mencapa kamar pulpa, yaitu rongga dalam gigi yang berisi jaringan syaraf dan pembuluh darah. Bila sudah mencapai kamar pulpa akan terjadi proses peradangan yang menyebabkan rasa sakit yang berdenyut.</p><p><b>Penanganan dan Pengobatan</b>:</p><p>- Sikat gigi dengan pasta gigi mengandung fluoride dua kali sehari</p><p>- Hindari makanan yang manis dan lengket serta minuman bersoda</p><p>- Lakukan flossing untuk mengangkat plak dan sisa makanan yang tersangkut</p><p>- Pembersihan jaringan gigi yang terkena karies dan penambalan oleh dokter</p>', 'images/1.jpeg'),
(2, 'Abses Periodontal', '<p><b>Penjelasan:</b></p><p>Abses periodontal adalah salah satu gangguan pada gigi yang disebabkan oleh infeksi pada jaringan periodontal. Kondisi ini menyebabkan pembengkakan pada gusi dan muncul nanah pada gusi. Penyakit ini ditandai dengan gigi yang sensitif dengan makanan panas dan dingin, pembengkakan pada gusi, dan bau mulut yang busuk diakibatkan carian yang berasal dari nanah. Jika tidak segera diobati infeksi dapat menyebar ke jaringan yang lain.</p><p><b>Penanganan dan Pengobatan:</b></p><p>- Drainase pada insisi abses oleh dokter untuk mengurangi abses dan radanag</p><p>- Obat antibiotik sistemik untuk mecegah infeksi menyebar.<br></p><p>- Seringlah berkumur dengan air hangat untuk mecegah abses</p>', 'images/2.jpeg'),
(3, 'Gingivitis', '<p><b>Penjelasan</b>:</p><p>Gingivitis adalah inflamasi atau peradangan yang terjadi pada gusi. Radang gusi yang dibiarkan begitu saja berpotensi berkembang menjadi periodontitis. Penyebab utama radang gusi adalan penumpukan plan yang terbentuk dari kumpulan bakteri dan sisa-sisa makanan yang menempel pada permukaan gigi.</p><p><b>Penanganan dan pengobatan</b>:</p><p>- Menyikat gigi setidaknya 2 kali sehari terutama setelah makan</p><p>- Gunakan sikat gigi yang lembut</p><p>- Gunakan obak kumur dengan unsur antibakteri jika dianjurkan dokter</p><p>- Membersihkan sela-sela gigi dengan benang gigi atau tusuk gigi</p><p><br></p>', 'images/3.jpeg'),
(4, 'Pulpitis Reversibel', '<p><b>Penjelasan:</b></p><p>Pulpitis reversibel adalah suatu kondisi inflamasi pulpa gigi ringan sampai sedang yang disebabkan oleh stimulus atau pun bakteri yang menggerogoti jaringan pulpa gigi, tetapi pulpa mampu kembali pada keadaan tidak terinflamasi setelah penyebab dihilangkan. Penyakit ini juga disertai gejala seperti rasa sakit pada gigi ketika ada rangsangan dan nyeri ketika stimulus panas dan dingin timbul. Jika setelah stimulus dihilangkan, rasa sakit dan nyeri masih belum hilang maka penyakit telah berkembang menjadi pulpitis Ireversibel.&nbsp;<br></p><p><b>Penanganan dan Pengobatan</b>:</p><p>- Penghilangan stimulus atau bakteri untuk mengobati inflamasi</p><p>- Gunakan obat kumur antibakteri untuk mencegah bakteri berkembang dan menyebar</p><p>- Kurangi minuman yang bersoda</p>', 'images/4.jpeg'),
(5, 'Pulpitis Ireversibel', '<p><b></b><b>Penjelasan</b>:<b></b></p><p>Pulpitis Ireversibel merupakan inflamasi parah pada pulpa dan lambat atau cepat akan menjadi nekrosis. Pulpa ireversibel seringkali merupakan akibat atau perkembangan dari pulpa reversibel yang tidak kunjung diobati. Penyakit disertai dengan gejala rasa sakit yang tajam ada maupun tidak ada stimulus dan rangsangan ekternal. Terkadanga rasa sakit menyebar sampai ke pelipis atau telinga.</p><p><b>Penanganan dan Pengobatan</b>:</p><p>- Pembersihan dari bakteri dan unsur lain seperti darah dan debris organik pada gigi&nbsp;</p><p>- Pencabutan pulpa dan gigi oleh dokter</p><p>- Pengendalian rasa sakit dengan mengurangi makanan manis&nbsp;</p><br>', 'images/5.jpeg'),
(6, 'Stomatitis', '<p><b>Penjelasan</b>:</p><p>Stomatitis adalah peradangan yang umum terjadi pada bagian mulut. Penyakit dapat disebabkan oleh luka, kekurangan vitamin ataupun infeksi bakteri. Biasanya terdapat satu atau lebih luka kecil pada bagian bibir, gusi atau lidah. Luka terlihat berwarna putih kemerahan dan terasa sakit, terbakar, atau gatal. Sakit ketika makan dan menelan serta memiliki nafas yang tidak sedap disebabkan oleh carian pada luka.</p><p><b>Penanganan dan Pengobatan</b>:</p><p>- Pemberian antibiotik jika penyakit disebabkan oleh infeksi bakteri</p><p>- Hindari makanan dengan tekstur kasar seperti kacang dan keripik kentang untuk menghindari iritasi</p><p>- Pemberian parasetamol atau krim anestesi untuk mengurangi rasa sakit</p>', 'images/6.jpeg'),
(7, 'Glositis', '<p><b>Penjelasan</b>:</p><p>Glositis adalah peradangan atau infeksi lidah yang disebabkan oleh bakter atau virus, iritasi mekanis, atau reaksi alergi terhadap pasa gigi, obat kumur, dan pewarna dalam permen. Glositis menyebabkan papila yang berisi ribuan sensor kecil yang disebut selera menjadi menghilang. Radang yang parah menyebabkan bengkak, kemerahan, nyeri dan dapat mengubah cara makan atau berbicara.</p><p><b>Penanganan dan Pengobatan</b>:</p><p>- Menjaga kebersihan mulut dan gigi dengan baik untuk pencegahan dengan setidaknya menyikat gigi dua kali sehari.</p><p>- Pemberhentian penggunaan pasta gigi atau obat kumur jika penyakit disebabkan oleh itu.</p><p>- Pemberian antibiotik jika dianjurkan oleh dokter untuk menghilangkan bakteri<br><br> </p>', 'images/7.jpeg');

-- --------------------------------------------------------

--
-- Table structure for table `user`
--

CREATE TABLE IF NOT EXISTS `user` (
  `id` int(10) NOT NULL AUTO_INCREMENT,
  `username` varchar(50) NOT NULL,
  `password` varchar(50) NOT NULL,
  `level` int(5) NOT NULL,
  PRIMARY KEY (`id`)
) ENGINE=InnoDB  DEFAULT CHARSET=latin1 AUTO_INCREMENT=22 ;

--
-- Dumping data for table `user`
--

INSERT INTO `user` (`id`, `username`, `password`, `level`) VALUES
(1, 'admin', 'admin', 1),
(2, 'billy', 'billy', 2),
(4, 'Denny', 'denny', 2),
(7, 'Budi', 'budi', 2),
(10, 'Dani', 'dani', 2),
(12, 'Rina', 'rina', 2),
(15, 'Tina', 'tina', 2),
(16, 'Tony', 'tony', 2),
(18, 'pakar', 'pakar', 3),
(19, 'bryan', 'bryan', 2),
(20, 'michael', 'michael', 2),
(21, 'julius', 'julius', 2);

/*!40101 SET CHARACTER_SET_CLIENT=@OLD_CHARACTER_SET_CLIENT */;
/*!40101 SET CHARACTER_SET_RESULTS=@OLD_CHARACTER_SET_RESULTS */;
/*!40101 SET COLLATION_CONNECTION=@OLD_COLLATION_CONNECTION */;
